<?xml version="1.0" encoding="UTF-8"?>
<project-private xmlns="http://www.netbeans.org/ns/project-private/1">
    <editor-bookmarks xmlns="http://www.netbeans.org/ns/editor-bookmarks/2" lastBookmarkId="0"/>
    <open-files xmlns="http://www.netbeans.org/ns/projectui-open-files/2">
        <group>
            <file>file:/C:/Users/User/Desktop/Moodle/2022_09/Distributed%20Systems/Project/SoulFightServer/src/com/SoulFightDB/AccountDBDAO.java</file>
            <file>file:/C:/Users/User/Desktop/Moodle/2022_09/Distributed%20Systems/Project/SoulFightServer/src/soulfightserver/SoulFightServer.java</file>
            <file>file:/C:/Users/User/Desktop/Moodle/2022_09/Distributed%20Systems/Project/SoulFightServer/src/com/SoulFightDB/AccountDB.java</file>
            <file>file:/C:/Users/User/Desktop/Moodle/2022_09/Distributed%20Systems/Project/SoulFightServer/src/soulfightserver/WaitingRoom.java</file>
            <file>file:/C:/Users/User/Desktop/Moodle/2022_09/Distributed%20Systems/Project/SoulFightServer/src/com/example/soul_fight/RoomSettings.java</file>
            <file>file:/C:/Users/User/Desktop/Moodle/2022_09/Distributed%20Systems/Project/SoulFightServer/src/soulfightserver/ClientHandler.java</file>
            <file>file:/C:/Users/User/Desktop/Moodle/2022_09/Distributed%20Systems/Project/SoulFightServer/src/com/example/soul_fight/Account.java</file>
            <file>file:/C:/Users/User/Desktop/Moodle/2022_09/Distributed%20Systems/Project/SoulFightServer/src/soulfightserver/Game.java</file>
        </group>
    </open-files>
</project-private>
